MMSI,Vessel Name,IMO Number,Flag,Call Sign,length_m,Vessel Type / Fishing Method,registry code,Port of Registry,Owner Name,Owner Address,Operator Name,Operator Address,Authorization Number for The Southeast Atlantic Fisheries Organization,Authorization Start Date for The Southeast Atlantic Fisheries Organization,Authorization End Date for The Southeast Atlantic Fisheries Organization,Vessel Authorization Link for The Southeast Atlantic Fisheries Organization,Date Source Info Last Updated for The Southeast Atlantic Fisheries Organization,Date Source Info Acquired for The Southeast Atlantic Fisheries Organization,Authorization Number for The Northeast Atlantic Fisheries Commission,Authorization Start Date for The Northeast Atlantic Fisheries Commission,Authorization End Date for The Northeast Atlantic Fisheries Commission,Vessel Authorization Link for The Northeast Atlantic Fisheries Commission,Date Source Info Last Updated The for Northeast Atlantic Fisheries Commission,Date Source Info Acquired for The Northeast Atlantic Fisheries Commission,Authorization Number for The Inter-American Tropical Tuna Commission,Authorization Start Date for The Inter-American Tropical Tuna Commission,Authorization End Date for The Inter-American Tropical Tuna Commission,Vessel Authorization Link for The Inter-American Tropical Tuna Commission,Date Source Info Last Updated for The Inter-American Tropical Tuna Commission,Date Source Info Acquired for The Inter-American Tropical Tuna Commission,Authorization Number for The Northwest Atlantic Fisheries Organization,Authorization Start Date for The Northwest Atlantic Fisheries Organization,Authorization End Date for The Northwest Atlantic Fisheries Organization,Vessel Authorization Link for The Northwest Atlantic Fisheries Organization,Date Source Info Last Updated for The Northwest Atlantic Fisheries Organization,Date Source Info Acquired for The Northwest Atlantic Fisheries Organization,Authorization Number for The Indian Ocean Tuna Commission,Authorization Start Date for The Indian Ocean Tuna Commission,Authorization End Date for The Indian Ocean Tuna Commission,Vessel Authorization Link for The Indian Ocean Tuna Commission,Date Source Info Last Updated for The Indian Ocean Tuna Commission,Date Source Info Acquired for The Indian Ocean Tuna Commission,Authorization Number for The Western and Central Pacific Fisheries Commission,Authorization Start Date for The Western and Central Pacific Fisheries Commission,Authorization End Date for The Western and Central Pacific Fisheries Commission,Vessel Authorization Link for The Western and Central Pacific Fisheries Commission,Date Source Info Last Updated for The Western and Central Pacific Fisheries Commission,Date Source Info Acquired for The Western and Central Pacific Fisheries Commission,Authorization Number for The North Pacific Fisheries Commission,Authorization Start Date for The North Pacific Fisheries Commission,Authorization End Date for The North Pacific Fisheries Commission,Vessel Authorization Link for The North Pacific Fisheries Commission,Date Source Info Last Updated for The North Pacific Fisheries Commission,Date Source Info Acquired for The North Pacific Fisheries Commission,Authorization Number for the South Pacific Regional Fisheries Management Organisation,Authorization Start Date for the South Pacific Regional Fisheries Management Organisation,Authorization End Date for the South Pacific Regional Fisheries Management Organisation,Vessel Authorization Link for the South Pacific Regional Fisheries Management Organisation,Date Source Info Last Updated for the South Pacific Regional Fisheries Management Organisation,Date Source Info Acquired for the South Pacific Regional Fisheries Management Organisation,Authorization Number for The International Commission for the Conservation of Atlantic Tunas,Authorization Start Date for The International Commission for the Conservation of Atlantic Tunas,Authorization End Date for The International Commission for the Conservation of Atlantic Tunas,Vessel Authorization Link for The International Commission for the Conservation of Atlantic Tunas,Date Source Info Last Updated for The International Commission for the Conservation of Atlantic Tunas,Date Source Info Acquired for The International Commission for the Conservation of Atlantic Tunas,Authorization Number for The Commission for the Conservation of Antarctic Marine Living Resources,Authorization Start Date for The Commission for the Conservation of Antarctic Marine Living Resources,Authorization End Date for The Commission for the Conservation of Antarctic Marine Living Resources,Vessel Authorization Link for The Commission for the Conservation of Antarctic Marine Living Resources,Date Source Info Last Updated for The Commission for the Conservation of Antarctic Marine Living Resources,Date Source Info Acquired for The Commission for the Conservation of Antarctic Marine Living Resources,Authorization Number for The General Fisheries Commission for the Mediterranean,Authorization Start Date for The General Fisheries Commission for the Mediterranean,Authorization End Date for The General Fisheries Commission for the Mediterranean,Vessel Authorization Link for The General Fisheries Commission for the Mediterranean,Date Source Info Last Updated for The General Fisheries Commission for the Mediterranean,Date Source Info Acquired for The General Fisheries Commission for the Mediterranean,Indian Ocean Tuna Commission IUU Listing Date,Indian Ocean Tuna Commission IUU Listing Reason,International Commission for the Conservation of Atlantic Tunas IUU Listing Date,International Commission for the Conservation of Atlantic Tunas IUU Listing Reason,Inter-American Tropical Tuna Commission IUU Listing Date,Inter-American Tropical Tuna Commission IUU Listing Reason,Commission for the Conservation of Antarctic Marine Living Resources IUU Listing Date,Commission for the Conservation of Antarctic Marine Living Resources IUU Listing Reason,Western and Central Pacific Fisheries Commission IUU Listing Date,Western and Central Pacific Fisheries Commission IUU Listing Reason,Southeast Atlantic Fisheries Organization IUU Listing Date,Southeast Atlantic Fisheries Organization IUU Listing Reason,Northeast Atlantic Fisheries Commission IUU Listing Date,Northeast Atlantic Fisheries Commission IUU Listing Reason,Northwest Atlantic Fisheries Organization IUU Listing Date,Northwest Atlantic Fisheries Organization IUU Listing Reason,South Pacific Regional Fisheries Management Organization IUU Listing Date,South Pacific Regional Fisheries Management Organization IUU Listing Reason,Commission for the Conservation of Southern Bluefin Tuna IUU Listing Date,Commission for the Conservation of Southern Bluefin Tuna IUU Listing Reason,General Fisheries Commission of the Mediterranean IUU Listing Date,General Fisheries Commission of the Mediterranean IUU Listing Reason,North Pacific Fisheries Commission IUU Listing Date,North Pacific Fisheries Commission IUU Listing Reason,Southern Indian Ocean Fisheries Agreement IUU Listing Date,Southern Indian Ocean Fisheries Agreement IUU Listing Reason,IUU Combined List Vessel Link,Friend of the Sea Registration Number,Company authorized to sell the Friend of the Sea certified products,FAO fishing area per Friend of the Sea,Targeted species per Friend of the Sea,Friend of the Sea Certificate Status
441413000,Agnes 101,9021588,South Korea,,59.5,squid_jigger,"GFW-REVIEW, NPFC, RESEARCH-PAPER, SPRFMO","BUSAN, KOR",,,,,,,,,,,,,,,,,,,,,,,,,,,,,,,,,,,,,,,,,1348,,,,,,9512430-6260000,01-Feb-2024,2029-02-02T23:59:59Z,https://sprfmo.org/vessels/611,,,,,,,,,,,,,,,,,,,,,,,,,,,,,,,,,,,,,,,,,,,,,,,,9512430-6260000,,,,
441298000,Agnes 102,7355167,South Korea,,51.5,squid_jigger,"GFW-REVIEW, NPFC, RESEARCH-PAPER, SPRFMO","BUSAN, KOR",,,,,,,,,,,,,,,,,,,,,,,,,,,,,,,,,,,,,,,,,1349,,,,,,9512190-6260001,17-Mar-2023,2026-10-07T23:59:59Z,https://sprfmo.org/vessels/612,,,,,,,,,,,,,,,,,,,,,,,,,,,,,,,,,,,,,,,,,,,,,,,,9512190-6260001,,,,
441303000,Agnes 103,7380150,South Korea,,51.5,squid_jigger,"GFW-REVIEW, NPFC, RESEARCH-PAPER, SPRFMO","BUSAN, KOR",,,,,,,,,,,,,,,,,,,,,,,,,,,,,,,,,,,,,,,,,1350,,,,,,9512192-6260009,17-Mar-2023,2026-10-10T23:59:59Z,https://sprfmo.org/vessels/613,,,,,,,,,,,,,,,,,,,,,,,,,,,,,,,,,,,,,,,,,,,,,,,,9512192-6260009,,,,
441330000,Agnes 107,8320353,South Korea,,50.8,squid_jigger,"GFW-REVIEW, NPFC, RESEARCH-PAPER, SPRFMO","POHANG, KOR",,,,,,,,,,,,,,,,,,,,,,,,,,,,,,,,,,,,,,,,,1352,,,,,,9511038-6471101,14-Nov-2018,2028-11-12T23:59:59Z,https://sprfmo.org/vessels/615,,,,,,,,,,,,,,,,,,,,,,,,,,,,,,,,,,,,,,,,,,,,,,,,9511038-6471101,,,,
441404000,Agnes 108,8404379,South Korea,,50.2,squid_jigger,"GFW-REVIEW, NPFC, RESEARCH-PAPER, SPRFMO","POHANG, KOR",,,,,,,,,,,,,,,,,,,,,,,,,,,,,,,,,,,,,,,,,1353,,,,,,9511039-6471100,14-Feb-2019,2028-11-12T23:59:59Z,https://sprfmo.org/vessels/616,,,,,,,,,,,,,,,,,,,,,,,,,,,,,,,,,,,,,,,,,,,,,,,,9511039-6471100,,,,
441412000,Agnes 109,7417800,South Korea,,49.7,squid_jigger,"GFW-REVIEW, NPFC, RESEARCH-PAPER, SPRFMO","POHANG, KOR",,,,,,,,,,,,,,,,,,,,,,,,,,,,,,,,,,,,,,,,,1354,,,,,,9512036-6471101,28-Feb-2024,2028-12-09T23:59:59Z,https://sprfmo.org/vessels/617,,,,,,,,,,,,,,,,,,,,,,,,,,,,,,,,,,,,,,,,,,,,,,,,9512036-6471101,,,,
441351000,Agnes 110,9897078,South Korea,,69.5,squid_jigger,"KOR, NPFC, SPRFMO",BUSAN,,,,,,,,,,,,,,,,,,,,,,,,,,,,,,,,,,,,,,,,,1710,,,,,,2011002-6261408,18-Feb-2021,2025-11-16T23:59:59Z,https://sprfmo.org/vessels/2356,,,,,,,,,,,,,,,,,,,,,,,,,,,,,,,,,,,,,,,,,,,,,,,,2011002-6261408,,,,
441142000,Bada 103,8703488,South Korea,,64,squid_jigger,"GFW-REVIEW, NPFC, RESEARCH-PAPER, SPRFMO","BUSAN, KOR",,,,,,,,,,,,,,,,,,,,,,,,,,,,,,,,,,,,,,,,,,,,,,,0707001-6261406,18-Mar-2023,2028-03-17T23:59:59Z,https://sprfmo.org/vessels/623,,,,,,,,,,,,,,,,,,,,,,,,,,,,,,,,,,,,,,,,,,,,,,,,0707001-6261406,,,,
440570000,Changjin 302,7950747,South Korea,,54.9,squid_jigger,"GFW-REVIEW, KOR, NPFC, RESEARCH-PAPER, SPRFMO",,,,,,,,,,,,,,,,,,,,,,,,,,,,,,,,,,,,,,,,,,,,,,,,,,,,,,,,,,,,,,,,,,,,,,,,,,,,,,,,,,,,,,,,,,,,,,,,,,,,,,,
440815000,Daeyang 7,7408299,South Korea,,49,squid_jigger,"GFW-REVIEW, NPFC, SPRFMO","BUSAN, KOR",,,,,,,,,,,,,,,,,,,,,,,,,,,,,,,,,,,,,,,,,116,,,,,,9512147-6260004,08-Mar-2023,2028-03-05T23:59:59Z,https://sprfmo.org/vessels/627,,,,,,,,,,,,,,,,,,,,,,,,,,,,,,,,,,,,,,,,,,,,,,,,9512147-6260004,,,,
440179000,Dagah 601,8614895,South Korea,,61.3,squid_jigger,"GFW-REVIEW, NPFC, RESEARCH-PAPER, SPRFMO","BUSAN, KOREA",,,,,,,,,,,,,,,,,,,,,,,,,,,,,,,,,,,,,,,,,,,,,,,1703001-6261403,26-Aug-2024,2029-08-17T23:59:59Z,https://sprfmo.org/vessels/680,,,,,,,,,,,,,,,,,,,,,,,,,,,,,,,,,,,,,,,,,,,,,,,,1703001-6261403,,,,
440502000,Dongil 5,9033763,South Korea,,62.8,squid_jigger,"GFW-REVIEW, KOR, NPFC, RESEARCH-PAPER, SPRFMO",BUSAN,,,,,,,,,,,,,,,,,,,,,,,,,,,,,,,,,,,,,,,,,,,,,,,9508030-6481355,31-Jan-2020,2025-01-29T23:59:59Z,https://sprfmo.org/vessels/628,,,,,,,,,,,,,,,,,,,,,,,,,,,,,,,,,,,,,,,,,,,,,,,,9508030-6481355,,,,
440701000,Dongil 7,8910952,South Korea,,61.5,squid_jigger,"GFW-REVIEW, NPFC, RESEARCH-PAPER, SPRFMO","BUSAN, KOREA",,,,,,,,,,,,,,,,,,,,,,,,,,,,,,,,,,,,,,,,,697,,,,,,1502001-6263809,30-Oct-2023,2028-10-29T00:00:00Z,https://sprfmo.org/vessels/2813,,,,,,,,,,,,,,,,,,,,,,,,,,,,,,,,,,,,,,,,,,,,,,,,1502001-6263809,,,,
441383000,Dreampark,9929467,South Korea,,72.6,squid_jigger,,"BUSAN, KOREA",,,,,,,,,,,,,,,,,,,,,,,,,,,,,,,,,,,,,,,,,1849,,,,,,2111001-6261407,03-Dec-2024,2028-09-24T23:59:59Z,https://sprfmo.org/vessels/2663,,,,,,,,,,,,,,,,,,,,,,,,,,,,,,,,,,,,,,,,,,,,,,,,2111001-6261407,,,,
441360000,Eunhae 101,7923847,South Korea,,51.8,squid_jigger,"GFW-REVIEW, NPFC, RESEARCH-PAPER, SPRFMO","BUSAN, KOR",,,,,,,,,,,,,,,,,,,,,,,,,,,,,,,,,,,,,,,,,,,,,,,0310001-6261407,15-Jan-2024,2029-01-13T23:59:59Z,https://sprfmo.org/vessels/620,,,,,,,,,,,,,,,,,,,,,,,,,,,,,,,,,,,,,,,,,,,,,,,,0310001-6261407,,,,
440261000,Eunhae 107,8712659,South Korea,,62.6,squid_jigger,"GFW-REVIEW, NPFC, SPRFMO","BUSAN, KOREA",,,,,,,,,,,,,,,,,,,,,,,,,,,,,,,,,,,,,,,,,,,,,,,1410001-6261100,09-Mar-2020,2025-03-08T23:59:59Z,https://sprfmo.org/vessels/1581,,,,,,,,,,,,,,,,,,,,,,,,,,,,,,,,,,,,,,,,,,,,,,,,1410001-6261100,,,,
441495000,Eunhae 108,8708165,South Korea,,59.1,squid_jigger,"GFW-REVIEW, NPFC, RESEARCH-PAPER, SPRFMO","BUSAN, KOR",,,,,,,,,,,,,,,,,,,,,,,,,,,,,,,,,,,,,,,,,,,,,,,0807001-6261100,26-Mar-2024,2029-03-25T23:59:59Z,https://sprfmo.org/vessels/621,,,,,,,,,,,,,,,,,,,,,,,,,,,,,,,,,,,,,,,,,,,,,,,,0807001-6261100,,,,
440201000,Eunhae 109,8609670,South Korea,,60.2,squid_jigger,"GFW-REVIEW, NPFC, RESEARCH-PAPER, SPRFMO","BUSAN, KOREA",,,,,,,,,,,,,,,,,,,,,,,,,,,,,,,,,,,,,,,,,,,,,,,1409001-6261103,14-Oct-2023,2028-10-13T23:59:59Z,https://sprfmo.org/vessels/1582,,,,,,,,,,,,,,,,,,,,,,,,,,,,,,,,,,,,,,,,,,,,,,,,1409001-6261103,,,,
440060000,Eunhae 91,7950759,South Korea,,52,squid_jigger,"GFW-REVIEW, NPFC, RESEARCH-PAPER",Busan,,,,,,,,,,,,,,,,,,,,,,,,,,,,,,,,,,,,,,,,,118,,,,,,,,,,,,,,,,,,,,,,,,,,,,,,,,,,,,,,,,,,,,,,,,,,,,,,,,,9508028-6481359,,,,
441385000,Eunjin 21,9929479,South Korea,,66.4,squid_jigger,"KOR, NPFC, SPRFMO","BUSAN, KOR",,,,,,,,,,,,,,,,,,,,,,,,,,,,,,,,,,,,,,,,,1850,,,,,,2111002-6261406,03-Dec-2024,2029-09-04T00:59:59Z,https://sprfmo.org/vessels/2664,,,,,,,,,,,,,,,,,,,,,,,,,,,,,,,,,,,,,,,,,,,,,,,,2111002-6261406,,,,
440108000,Haein 27,8706832,South Korea,,64,squid_jigger,"GFW-REVIEW, NPFC, RESEARCH-PAPER, SPRFMO",BUSAN KOREA,,,,,,,,,,,,,,,,,,,,,,,,,,,,,,,,,,,,,,,,,,,,,,,1401001-6261109,17-Dec-2023,2028-12-15T23:59:59Z,https://sprfmo.org/vessels/537,,,,,,,,,,,,,,,,,,,,,,,,,,,,,,,,,,,,,,,,,,,,,,,,1401001-6261109,,,,
441879000,Haerang 101,8827882,South Korea,,50.5,squid_jigger,"GFW-REVIEW, NPFC, RESEARCH-PAPER, SPRFMO","BUSAN, KOREA",,,,,,,,,,,,,,,,,,,,,,,,,,,,,,,,,,,,,,,,,,,,,,,1210001-6261104,18-Aug-2022,2027-08-17T23:59:59Z,https://sprfmo.org/vessels/989,,,,,,,,,,,,,,,,,,,,,,,,,,,,,,,,,,,,,,,,,,,,,,,,1210001-6261104,,,,
440216000,Kumyang 102,9041928,South Korea,,51.7,squid_jigger,"GFW-REVIEW, NPFC, RESEARCH-PAPER, SPRFMO",Busan,,,,,,,,,,,,,,,,,,,,,,,,,,,,,,,,,,,,,,,,,109,,,,,,,,,,,,,,,,,,,,,,,,,,,,,,,,,,,,,,,,,,,,,,,,,,,,,,,,,9512421-6260001,,,,
440816000,Kumyang 103,8804282,South Korea,,65.5,squid_jigger,"GFW-REVIEW, NPFC, RESEARCH-PAPER, SPRFMO","BUSAN, KOREA",,,,,,,,,,,,,,,,,,,,,,,,,,,,,,,,,,,,,,,,,1134,,,,,,1708003-6261107,31-Aug-2023,2028-08-30T23:59:59Z,https://sprfmo.org/vessels/538,,,,,,,,,,,,,,,,,,,,,,,,,,,,,,,,,,,,,,,,,,,,,,,,1708003-6261107,,,,
441383000,Kumyang 105,9929467,South Korea,,72.6,squid_jigger,"KOR, NPFC, SPRFMO","BUSAN, KOREA",,,,,,,,,,,,,,,,,,,,,,,,,,,,,,,,,,,,,,,,,1849,,,,,,2111001-6261407,03-Dec-2024,2028-09-24T23:59:59Z,https://sprfmo.org/vessels/2663,,,,,,,,,,,,,,,,,,,,,,,,,,,,,,,,,,,,,,,,,,,,,,,,2111001-6261407,,,,
440811000,Saein 1,9041992,South Korea,,59,squid_jigger,"KOR, NPFC, SPRFMO","BUSAN, KOR",,,,,,,,,,,,,,,,,,,,,,,,,,,,,,,,,,,,,,,,,110,,,,,,9512344-6260005,14-Jun-2023,2028-06-13T23:59:59Z,https://sprfmo.org/vessels/599,,,,,,,,,,,,,,,,,,,,,,,,,,,,,,,,,,,,,,,,,,,,,,,,9512344-6260005,,,,
441766000,Saein 3,8708074,South Korea,,66.9,squid_jigger,"NPFC, SPRFMO","BUSAN, KOR",,,,,,,,,,,,,,,,,,,,,,,,,,,,,,,,,,,,,,,,,117,,,,,,1010002-6261107,12-Aug-2021,2026-07-14T23:59:59Z,https://sprfmo.org/vessels/600,,,,,,,,,,,,,,,,,,,,,,,,,,,,,,,,,,,,,,,,,,,,,,,,1010002-6261107,,,,
441767000,Saein 5,8708141,South Korea,,68.5,squid_jigger,"NPFC, SPRFMO","BUSAN, KOR",,,,,,,,,,,,,,,,,,,,,,,,,,,,,,,,,,,,,,,,,1345,,,,,,1010001-6261108,23-Nov-2020,2025-11-22T23:59:59Z,https://sprfmo.org/vessels/601,,,,,,,,,,,,,,,,,,,,,,,,,,,,,,,,,,,,,,,,,,,,,,,,1010001-6261108,,,,
440995000,Saein 7,9042051,South Korea,,59.8,squid_jigger,"KOR, NPFC, SPRFMO","BUSAN, KOR",,,,,,,,,,,,,,,,,,,,,,,,,,,,,,,,,,,,,,,,,1346,,,,,,9512418-6260006,14-Nov-2021,2026-11-13T23:59:59Z,https://sprfmo.org/vessels/602,,,,,,,,,,,,,,,,,,,,,,,,,,,,,,,,,,,,,,,,,,,,,,,,9512418-6260006,,,,
440684000,Saein 9,8827583,South Korea,,58.8,squid_jigger,"NPFC, SPRFMO","BUSAN, KOR",,,,,,,,,,,,,,,,,,,,,,,,,,,,,,,,,,,,,,,,,1347,,,,,,9510065-6260007,11-Aug-2022,2027-08-10T23:59:59Z,https://sprfmo.org/vessels/609,,,,,,,,,,,,,,,,,,,,,,,,,,,,,,,,,,,,,,,,,,,,,,,,9510065-6260007,,,,
440076000,Samyoung 301,8623145,South Korea,,53.9,squid_jigger,"GFW-REVIEW, KOR, NPFC, RESEARCH-PAPER, SPRFMO",Busan,,,,,,,,,,,,,,,,,,,,,,,,,,,,,,,,,,,,,,,,,113,,,,,,,,,,,,,,,,,,,,,,,,,,,,,,,,,,,,,,,,,,,,,,,,,,,,,,,,,9512317-6260008,,,,
441352000,Seungjin 801,9897080,South Korea,,48.7,squid_jigger,"KOR, NPFC, SPRFMO",BUSAN.KOREA,,,,,,,,,,,,,,,,,,,,,,,,,,,,,,,,,,,,,,,,,,,,,,,2011003-6261407,18-Feb-2021,2025-11-16T23:59:59Z,https://sprfmo.org/vessels/2355,,,,,,,,,,,,,,,,,,,,,,,,,,,,,,,,,,,,,,,,,,,,,,,,2011003-6261407,,,,
440038000,Skymax101,8662828,South Korea,,69,squid_jigger,"GFW-REVIEW, NPFC, RESEARCH-PAPER, SPRFMO, TWN",BUSAN,,,,,,,,,,,,,,,,,,,,,,,,,,,,,,,,,,,,,,,,,,,,,,,1307001-6261403,05-Aug-2023,2028-08-04T23:59:59Z,https://sprfmo.org/vessels/990,,,,,,,,,,,,,,,,,,,,,,,,,,,,,,,,,,,,,,,,,,,,,,,,1307001-6261403,,,,
440855000,Sungkyung 517,8904903,South Korea,,54.6,squid_jigger,"GFW-REVIEW, NPFC, RESEARCH-PAPER",Busan,,,,,,,,,,,,,,,,,,,,,,,,,,,,,,,,,,,,,,,,,783,,,,,,,,,,,,,,,,,,,,,,,,,,,,,,,,,,,,,,,,,,,,,,,,,,,,,,,,,1706001-6261103,,,,
440297000,Taebaek91,8717829,South Korea,,51.7,squid_jigger,"GFW-REVIEW, NPFC, RESEARCH-PAPER, SPRFMO",Busan,,,,,,,,,,,,,,,,,,,,,,,,,,,,,,,,,,,,,,,,,119,,,,,,,,,,,,,,,,,,,,,,,,,,,,,,,,,,,,,,,,,,,,,,,,,,,,,,,,,9512365-6260000,,,,
441713000,Tongyoung 803,8610485,South Korea,,49.9,squid_jigger,"GFW-REVIEW, NPFC, RESEARCH-PAPER",Busan,,,,,,,,,,,,,,,,,,,,,,,,,,,,,,,,,,,,,,,,,115,,,,,,,,,,,,,,,,,,,,,,,,,,,,,,,,,,,,,,,,,,,,,,,,,,,,,,,,,1006001-6261401,,,,
440384000,Tongyoung 805,9929481,South Korea,,69.5,squid_jigger,"KOR, NPFC, SPRFMO",BUSAN,,,,,,,,,,,,,,,,,,,,,,,,,,,,,,,,,,,,,,,,,,,,,,,2112001-6261405,23-Dec-2021,2026-12-19T23:59:59Z,https://sprfmo.org/vessels/2718,,,,,,,,,,,,,,,,,,,,,,,,,,,,,,,,,,,,,,,,,,,,,,,,2112001-6261405,,,,
441384000,Tongyoung 805,9929481,South Korea,,69.5,squid_jigger,"KOR, NPFC, SPRFMO",BUSAN,,,,,,,,,,,,,,,,,,,,,,,,,,,,,,,,,,,,,,,,,,,,,,,2112001-6261405,23-Dec-2021,2026-12-19T23:59:59Z,https://sprfmo.org/vessels/2718,,,,,,,,,,,,,,,,,,,,,,,,,,,,,,,,,,,,,,,,,,,,,,,,2112001-6261405,,,,
440652000,Tongyoung 808,8614352,South Korea,,60.5,squid_jigger,"GFW-REVIEW, NPFC, RESEARCH-PAPER, SPRFMO",BUSAN,,,,,,,,,,,,,,,,,,,,,,,,,,,,,,,,,,,,,,,,,,,,,,,0701001-6263808,17-Mar-2023,2027-01-14T23:59:59Z,https://sprfmo.org/vessels/1076,,,,,,,,,,,,,,,,,,,,,,,,,,,,,,,,,,,,,,,,,,,,,,,,0701001-6263808,,,,
8614352,Tongyoung 808,8614352,South Korea,,60.5,squid_jigger,"NPFC, SPRFMO",BUSAN,,,,,,,,,,,,,,,,,,,,,,,,,,,,,,,,,,,,,,,,,,,,,,,0701001-6263808,17-Mar-2023,2027-01-14T23:59:59Z,https://sprfmo.org/vessels/1076,,,,,,,,,,,,,,,,,,,,,,,,,,,,,,,,,,,,,,,,,,,,,,,,0701001-6263808,,,,
440413180,Changnam755,,South Korea,,31.88734873,squid_jigger,,,,,,,,,,,,,,,,,,,,,,,,,,,,,,,,,,,,,,,,,,,,,,,,,,,,,,,,,,,,,,,,,,,,,,,,,,,,,,,,,,,,,,,,,,,,,,,,,,,,,,,,
440403910,Daewon 201,,South Korea,,33.59071968,squid_jigger,,,,,,,,,,,,,,,,,,,,,,,,,,,,,,,,,,,,,,,,,,,,,,,,,,,,,,,,,,,,,,,,,,,,,,,,,,,,,,,,,,,,,,,,,,,,,,,,,,,,,,,,
441074000,Donghae 101,7417862,South Korea,,49.9,squid_jigger,,,,,,,,,,,,,,,,,,,,,,,,,,,,,,,,,,,,,,,,,,,,,,,,,,,,,,,,,,,,,,,,,,,,,,,,,,,,,,,,,,,,,,,,,,,,,,,,,,,,,,,,
440147310,Dongmyeong 99,,South Korea,,32.97492358,squid_jigger,,,,,,,,,,,,,,,,,,,,,,,,,,,,,,,,,,,,,,,,,,,,,,,,,,,,,,,,,,,,,,,,,,,,,,,,,,,,,,,,,,,,,,,,,,,,,,,,,,,,,,,,
440148090,Gangjeonho,,South Korea,,32.42501373,squid_jigger,,,,,,,,,,,,,,,,,,,,,,,,,,,,,,,,,,,,,,,,,,,,,,,,,,,,,,,,,,,,,,,,,,,,,,,,,,,,,,,,,,,,,,,,,,,,,,,,,,,,,,,,
440684000,Gloria 1,8827583,South Korea,,58.8,squid_jigger,,"BUSAN, KOR",,,,,,,,,,,,,,,,,,,,,,,,,,,,,,,,,,,,,,,,,1347,,,,,,9510065-6260007,11-Aug-2022,2027-08-10T23:59:59Z,https://sprfmo.org/vessels/609,,,,,,,,,,,,,,,,,,,,,,,,,,,,,,,,,,,,,,,,,,,,,,,,9510065-6260007,,,,
440403950,Heasuho 303,,South Korea,,28.9760913,squid_jigger,,,,,,,,,,,,,,,,,,,,,,,,,,,,,,,,,,,,,,,,,,,,,,,,,,,,,,,,,,,,,,,,,,,,,,,,,,,,,,,,,,,,,,,,,,,,,,,,,,,,,,,,
440051710,Honam3,4194304,South Korea,,31.26853919,squid_jigger,,,,,,,,,,,,,,,,,,,,,,,,,,,,,,,,,,,,,,,,,,,,,,,,,,,,,,,,,,,,,,,,,,,,,,,,,,,,,,,,,,,,,,,,,,,,,,,,,,,,,,,,
440009150,Honghye 1,,South Korea,,31.67716956,squid_jigger,,,,,,,,,,,,,,,,,,,,,,,,,,,,,,,,,,,,,,,,,,,,,,,,,,,,,,,,,,,,,,,,,,,,,,,,,,,,,,,,,,,,,,,,,,,,,,,,,,,,,,,,
440114260,Hyeseung 503,4194304,South Korea,,41.01851811,squid_jigger,,,,,,,,,,,,,,,,,,,,,,,,,,,,,,,,,,,,,,,,,,,,,,,,,,,,,,,,,,,,,,,,,,,,,,,,,,,,,,,,,,,,,,,,,,,,,,,,,,,,,,,,
440600181,Jaegun 3,,South Korea,,34.67437832,squid_jigger,,,,,,,,,,,,,,,,,,,,,,,,,,,,,,,,,,,,,,,,,,,,,,,,,,,,,,,,,,,,,,,,,,,,,,,,,,,,,,,,,,,,,,,,,,,,,,,,,,,,,,,,
440207890,Je 1Venus,,South Korea,,32.58889102,squid_jigger,,,,,,,,,,,,,,,,,,,,,,,,,,,,,,,,,,,,,,,,,,,,,,,,,,,,,,,,,,,,,,,,,,,,,,,,,,,,,,,,,,,,,,,,,,,,,,,,,,,,,,,,
440150580,Joyangho,4194304,South Korea,,29.8953084,squid_jigger,,,,,,,,,,,,,,,,,,,,,,,,,,,,,,,,,,,,,,,,,,,,,,,,,,,,,,,,,,,,,,,,,,,,,,,,,,,,,,,,,,,,,,,,,,,,,,,,,,,,,,,,
440100370,Keumyoung 88,4194304,South Korea,,41.35829348,squid_jigger,,,,,,,,,,,,,,,,,,,,,,,,,,,,,,,,,,,,,,,,,,,,,,,,,,,,,,,,,,,,,,,,,,,,,,,,,,,,,,,,,,,,,,,,,,,,,,,,,,,,,,,,
440413050,Kwangwoon 5,4194304,South Korea,,31.23085325,squid_jigger,,,,,,,,,,,,,,,,,,,,,,,,,,,,,,,,,,,,,,,,,,,,,,,,,,,,,,,,,,,,,,,,,,,,,,,,,,,,,,,,,,,,,,,,,,,,,,,,,,,,,,,,
440145410,Kyungjin 101,,South Korea,,34.28285466,squid_jigger,,,,,,,,,,,,,,,,,,,,,,,,,,,,,,,,,,,,,,,,,,,,,,,,,,,,,,,,,,,,,,,,,,,,,,,,,,,,,,,,,,,,,,,,,,,,,,,,,,,,,,,,
440600240,Kyungshin 2,,South Korea,,30.84528284,squid_jigger,,,,,,,,,,,,,,,,,,,,,,,,,,,,,,,,,,,,,,,,,,,,,,,,,,,,,,,,,,,,,,,,,,,,,,,,,,,,,,,,,,,,,,,,,,,,,,,,,,,,,,,,
440708140,Samseongho,,South Korea,,24.13885642,squid_jigger,,,,,,,,,,,,,,,,,,,,,,,,,,,,,,,,,,,,,,,,,,,,,,,,,,,,,,,,,,,,,,,,,,,,,,,,,,,,,,,,,,,,,,,,,,,,,,,,,,,,,,,,
440149760,Seajin 8,,South Korea,,31.67356967,squid_jigger,,,,,,,,,,,,,,,,,,,,,,,,,,,,,,,,,,,,,,,,,,,,,,,,,,,,,,,,,,,,,,,,,,,,,,,,,,,,,,,,,,,,,,,,,,,,,,,,,,,,,,,,
440046550,Seonuho 2022,,South Korea,,28.22630961,squid_jigger,,,,,,,,,,,,,,,,,,,,,,,,,,,,,,,,,,,,,,,,,,,,,,,,,,,,,,,,,,,,,,,,,,,,,,,,,,,,,,,,,,,,,,,,,,,,,,,,,,,,,,,,
440404230,Shindong,,South Korea,,28.78513086,squid_jigger,,,,,,,,,,,,,,,,,,,,,,,,,,,,,,,,,,,,,,,,,,,,,,,,,,,,,,,,,,,,,,,,,,,,,,,,,,,,,,,,,,,,,,,,,,,,,,,,,,,,,,,,
440400970,Sungbock,,South Korea,,35.29050622,squid_jigger,,,,,,,,,,,,,,,,,,,,,,,,,,,,,,,,,,,,,,,,,,,,,,,,,,,,,,,,,,,,,,,,,,,,,,,,,,,,,,,,,,,,,,,,,,,,,,,,,,,,,,,,
440404660,Yegunho 3,,South Korea,,31.4488975,squid_jigger,,,,,,,,,,,,,,,,,,,,,,,,,,,,,,,,,,,,,,,,,,,,,,,,,,,,,,,,,,,,,,,,,,,,,,,,,,,,,,,,,,,,,,,,,,,,,,,,,,,,,,,,
440401520,Youngvi,,South Korea,,34.55541947,squid_jigger,,,,,,,,,,,,,,,,,,,,,,,,,,,,,,,,,,,,,,,,,,,,,,,,,,,,,,,,,,,,,,,,,,,,,,,,,,,,,,,,,,,,,,,,,,,,,,,,,,,,,,,,
,Cmpark,,South Korea,,66.36,squid_jigger,NPFC,,,,,,,,,,,,,,,,,,,,,,,,,,,,,,,,,,,,,,,,,,,,,,,,,,,,,,,,,,,,,,,,,,,,,,,,,,,,,,,,,,,,,,,,,,,,,,,,,,,,,,,
,n 021Haein,,South Korea,,61.09,squid_jigger|fishing,SPRFMO,,,,,,,,,,,,,,,,,,,,,,,,,,,,,,,,,,,,,,,,,,,,,,,,,,,,,,,,,,,,,,,,,,,,,,,,,,,,,,,,,,,,,,,,,,,,,,,,,,,,,,,